,Month,Total,105 Count,106 Count,105 Yield,106 Yield,105 Count Calibrated,106 Count Calibrated,105 Yield Calibrated,106 Yield Calibrated
0,202106,226,92.0,38.0,40.707964601769916,16.8141592920354,226.0,222.0,100.0,98.23008849557522
